position,marker,A,B,C,F.1,F.2,F.3,F.4,F.5
172566717,D2S335,4/7,2/7,,,,,,
175604893,D2S2188,39/45,41/41,,,,,,
176170418,D2S2257,1/1,5/5,,,,,,
178231607,D2S148,3/8,3/7,,,,,,
178445831,D2S2173,18/18,18/18,,,,,,
178861614,rs1852501,AG,AA,AA,AG,AA,AG,AG,AG
178861725,rs1852502,CT,CC,CC,CT,CC,CT,CT,CT
178861737,rs71423537,AA,AG,AA,AA,AA,AA,AA,AA
178861750,rs6706521,CC,CC,CC,CC,CC,CC,CC,CC
178862460,rs11677176,AC,AA,AA,AC,AA,AC,AC,AC
178862673,rs1836672,CT,CT,CT,CT,TT,CT,CT,CT
178863260,rs2117738,GA,GA,AA,GA,AA,GA,GA,GA
178977620,rs2276622,CG,CC,GG,CG,CC,CG,CC,CG
179236831,rs6433724,AG,AG,AA,GG,AG,AG,GG,AG
179239068,rs6706354,GG,GG,GG,GG,GA,GA,GG,GA
179239179,rs6706483,GG,GG,GG,GG,GA,GA,GG,GG
179258923,rs919177,TT,TT,TT,TT,TC,TC,TT,TC
179260382,rs2304340,AG,AA,AG,AA,AA,AA,AA,AG
179395958,rs3813250,TT,CT,,,,,,
179410829,HMERF  MUTATION g.274375T>C,AG,AG,AG,AG,AG,AG,AG,AG
179427186,rs2366751,AA,AG,,,,,,
179427536,rs3829746,TT,CT,,,,,,
179440029,rs12464787,GA,GG,GG,GG,GG,GG,GG,GG
179443028,novel t>c noncoding,TC,TC,TC,CC,TT,TT,TC,TT
179443217,rs3769864,TG,TG,TT,,TT,TT,TT,GG
179465055,TTN238 (not officially named microsatellite),10/10,1/10,,,,,,
179485919,rs61004744,GA,GG,GG,GG,GG,GG,GG,
179510975,TTN166 (not officially named microsatellite),2/2,2/5,,,,,,
179519108,novel g>a noncoding,GA,GA,GA,,AA,AA,AA,GG
179519123,rs1883089,AG,AG,AG,AA,AA,AA,AA,
179523368,rs62178968,GA,GA,GA,AA,GG,GG,GG,AG
179528807,novel t>a noncoding,TA,TT,TT,TT,TT,TT,TT,TT
179554305,rs2244492,CT,CC,CC,CC,CC,CC,CC,CC
179625378,D2S385,2/7,2/3,,,,,,
179646540,D2S1574E,5/6,5/6,,,,,,
179650408,rs35813871,GA,GA,GA,AA,AA,AA,AA,GG
179650701,rs6715406,CT,CT,CC,,CC,CC,CC,TT
179656226,D2S324,5/8,5/9,,,,,,
179659327,novel g>c noncoding,GC,GC,GC,CC,GG,GG,GC,GG
182166453,D2S2310,24/25,18/19,,,,,,
183034533,D2S364,2/11,2/12,,,,,,
