position,marker,A,B,C,F.1,F.2,F.3,F.4,F.5,ID,allele0,allele1
178861614,rs1852501,AG,AA,AA,AG,AA,AG,AG,AG,rs1852501,A,G
178861725,rs1852502,CT,CC,CC,CT,CC,CT,CT,CT,rs1852502,C,T
178861737,rs71423537,AA,AG,AA,AA,AA,AA,AA,AA,rs71423537,A,G
178861750,rs6706521,CC,CC,CC,CC,CC,CC,CC,CC,rs6706521,T,C
178862460,rs11677176,AC,AA,AA,AC,AA,AC,AC,AC,rs11677176,A,C
178862673,rs1836672,CT,CT,CT,CT,TT,CT,CT,CT,rs1836672,C,T
178863260,rs2117738,GA,GA,AA,GA,AA,GA,GA,GA,rs2117738,G,A
178977620,rs2276622,CG,CC,GG,CG,CC,CG,CC,CG,rs2276622,C,G
179236831,rs6433724,AG,AG,AA,GG,AG,AG,GG,AG,rs6433724,A,G
179239068,rs6706354,GG,GG,GG,GG,GA,GA,GG,GA,rs6706354,A,G
179239179,rs6706483,GG,GG,GG,GG,GA,GA,GG,GG,rs6706483,A,G
179258923,rs919177,TT,TT,TT,TT,TC,TC,TT,TC,rs919177,C,T
179260382,rs2304340,AG,AA,AG,AA,AA,AA,AA,AG,rs2304340,A,G
179395958,rs3813250,TT,CT,,,,,,,rs3813250,T,C
179427186,rs2366751,AA,AG,,,,,,,rs2366751,A,G
179427536,rs3829746,TT,CT,,,,,,,rs3829746,T,C
179440029,rs12464787,GA,GG,GG,GG,GG,GG,GG,GG,rs12464787,G,A
179443217,rs3769864,TG,TG,TT,,TT,TT,TT,GG,rs3769864,T,G
179485919,rs61004744,GA,GG,GG,GG,GG,GG,GG,,rs61004744,G,A
179528807,novel t>a noncoding,TA,TT,TT,TT,TT,TT,TT,TT,rs73973133,T,A
179554305,rs2244492,CT,CC,CC,CC,CC,CC,CC,CC,rs2244492,C,T
179650408,rs35813871,GA,GA,GA,AA,AA,AA,AA,GG,rs35813871,G,A
179650701,rs6715406,CT,CT,CC,,CC,CC,CC,TT,rs6715406,C,T
